HR,SpO2,ECG_mean,ECG_std,HRV,Pulse_amp,Accel_mag,Temp,label
50.0,99.02,1886.42,174.64,36.1,539.48,1.49,36.9,1
73.07,98.68,2271.76,148.14,48.8,159.54,1.67,37.07,0
83.93,96.95,1743.54,23.83,56.25,429.22,1.32,37.26,0
80.56,93.35,1686.31,99.88,75.87,288.98,1.05,36.32,0
87.31,94.56,2229.72,90.78,59.25,476.8,1.47,36.84,0
59.12,97.92,1766.08,69.43,37.69,378.77,1.08,37.44,1
69.34,99.37,1733.46,95.98,90.9,485.21,1.8,36.28,0
69.11,97.94,1282.89,95.55,46.03,649.28,0.77,36.72,0
81.35,96.23,1629.94,147.25,44.86,360.71,0.56,36.81,0
78.27,93.86,2131.69,155.07,49.21,100.0,1.36,36.19,0
68.34,95.26,871.36,72.09,47.3,397.47,1.23,37.24,0
78.68,95.68,1930.42,10.0,49.75,400.69,1.9,36.31,0
86.84,99.89,2341.0,171.15,38.7,583.32,0.99,36.32,0
80.4,94.59,1511.22,10.0,56.77,189.51,1.29,36.29,0
74.13,95.28,1355.32,61.08,66.7,583.84,1.22,36.66,0
75.27,100.0,2144.41,85.22,27.9,602.45,1.71,36.74,1
72.53,87.5,1687.45,85.49,70.55,586.52,2.12,37.03,1
71.41,94.44,2805.93,129.54,34.04,801.06,1.6,36.24,0
67.74,95.6,1879.18,108.23,48.65,305.15,1.19,35.83,0
70.99,97.72,1821.37,104.73,58.64,234.11,1.1,36.92,0
80.32,90.64,1843.86,124.52,63.1,451.87,1.41,35.94,0
61.7,97.35,1492.65,82.31,53.86,474.04,1.03,35.94,0
68.31,98.94,1571.66,93.08,65.35,890.69,1.2,35.71,0
73.68,89.01,1969.41,35.89,52.05,849.24,0.58,35.52,1
64.23,93.74,1809.61,73.0,31.75,282.71,1.09,36.06,0
56.21,96.09,2413.18,75.33,33.46,632.4,0.96,37.67,1
72.27,92.74,1398.99,89.68,43.11,240.56,0.81,35.43,0
66.41,97.77,2736.47,125.54,56.09,329.64,1.47,37.27,0
83.09,98.45,1096.41,101.41,68.94,815.76,1.68,36.29,0
87.9,94.23,1198.87,78.25,68.6,593.13,1.96,37.56,0
66.27,93.86,1785.95,148.35,61.27,504.56,0.83,36.87,0
64.54,97.06,1706.18,117.18,21.48,708.64,1.71,35.83,1
72.33,94.49,2825.46,35.35,55.95,861.24,0.49,37.32,0
78.81,92.36,1460.26,50.36,34.7,532.05,2.38,36.26,0
67.44,87.61,1024.73,117.66,41.35,431.57,1.42,36.52,1
73.64,92.42,1666.94,92.36,39.4,170.48,1.47,36.42,0
67.89,91.54,2035.5,110.85,55.95,646.01,1.26,36.97,0
50.0,95.22,2696.22,73.23,52.93,329.19,0.49,37.09,1
75.02,95.07,2931.4,200.0,52.6,316.56,0.69,36.41,0
60.36,96.53,2182.83,129.54,38.94,606.34,1.2,36.21,0
82.96,96.22,1305.28,40.48,48.86,621.27,1.79,37.21,0
71.88,93.52,2090.98,117.53,66.41,503.68,1.17,37.28,0
74.02,93.53,2178.75,115.56,53.18,626.63,1.38,37.24,0
87.03,95.77,1113.27,111.62,57.13,302.15,1.92,36.56,0
56.6,88.97,2077.15,124.92,48.13,434.43,1.2,36.58,1
74.72,98.16,1788.36,41.77,72.01,639.35,1.4,36.95,0
58.96,98.68,1470.53,75.45,29.13,406.11,1.12,36.43,1
74.22,97.43,2012.47,115.91,24.16,333.17,0.78,36.68,1
68.25,92.58,1999.4,196.6,54.64,687.16,0.55,36.21,0
67.61,96.58,2980.24,200.0,36.91,565.33,1.73,36.93,0
57.9,94.23,2629.69,179.41,65.49,100.0,0.95,35.95,1
61.96,95.9,1140.2,103.59,60.83,904.59,1.56,36.52,0
87.66,95.16,2612.21,104.57,43.6,1000.0,1.09,35.7,0
88.47,94.05,1740.44,114.55,24.62,599.94,1.4,36.51,1
74.19,89.55,1163.16,150.99,55.11,650.7,1.14,37.19,1
81.56,94.68,1908.35,71.01,37.09,623.32,0.28,37.39,0
70.49,94.0,1544.15,22.53,44.1,241.39,2.69,37.69,0
77.75,92.32,2513.54,18.2,59.0,739.62,1.35,36.44,0
89.91,95.59,1362.68,160.67,76.97,801.21,1.32,35.82,0
68.8,93.26,1620.19,129.58,68.82,448.94,0.42,36.47,0
69.57,95.94,1676.89,39.35,42.75,249.06,0.48,36.68,0
79.01,94.23,2233.5,116.15,56.54,728.45,0.73,36.79,0
62.07,93.46,1278.79,112.29,48.43,403.84,0.6,37.29,0
68.49,97.37,1814.97,94.42,59.6,797.26,0.72,36.52,0
74.02,91.12,2086.56,141.75,69.66,382.88,0.35,36.66,0
64.76,93.55,1584.62,155.61,42.38,460.73,1.01,36.63,0
67.54,95.59,2318.71,175.2,54.92,249.4,1.69,35.66,0
87.97,92.28,926.05,98.58,57.03,214.09,1.05,36.19,0
70.36,99.78,2119.91,123.77,20.0,369.25,1.62,36.16,1
86.56,99.93,2262.61,123.09,45.05,624.5,1.51,37.07,0
65.84,94.18,2641.9,91.17,47.94,405.89,1.69,37.13,0
72.17,96.8,2191.11,44.44,65.66,487.21,0.83,36.94,0
86.42,93.8,2150.13,28.19,31.49,589.0,1.59,36.46,0
74.12,94.35,710.21,120.77,55.33,161.32,1.09,36.35,0
61.96,93.68,2368.55,122.18,73.9,499.19,1.38,36.32,0
70.14,96.3,1644.86,10.0,40.35,361.94,1.2,36.23,0
90.28,91.44,1997.3,170.99,42.64,467.52,0.93,36.5,0
93.38,95.0,2265.0,62.52,48.1,504.97,1.53,36.51,0
73.48,95.56,1617.84,12.5,57.83,482.42,0.9,36.58,0
72.18,98.13,1188.51,96.99,67.57,668.63,1.34,36.06,0
74.21,95.22,1500.72,167.15,72.48,105.68,0.9,36.31,0
71.76,95.25,2886.08,131.71,42.05,354.33,0.69,36.55,0
93.87,95.39,1564.47,10.0,23.4,374.44,1.05,35.99,1
88.9,89.76,2329.39,134.63,70.75,100.0,0.97,36.49,1
79.25,92.43,2064.22,86.91,46.35,253.3,1.42,35.77,0
72.38,91.98,2076.93,106.8,37.79,820.61,1.52,36.4,0
86.75,97.18,1660.33,62.2,64.4,457.5,1.0,36.56,0
65.74,99.08,2603.47,87.7,25.81,281.94,1.62,36.54,1
67.28,94.4,757.3,144.88,46.97,381.85,0.91,36.01,0
90.43,96.75,1450.77,80.55,77.03,136.62,1.11,35.93,0
85.34,92.86,2334.96,43.03,54.68,583.75,1.67,35.55,0
75.67,98.89,2533.61,138.31,60.45,512.28,1.56,36.14,0
73.09,91.51,2163.96,97.33,23.56,647.11,1.71,36.36,1
90.55,93.12,2187.68,156.62,45.43,499.97,0.64,36.59,0
58.63,93.33,1548.05,142.09,42.6,620.47,2.23,37.32,1
60.8,94.86,2088.71,108.75,35.99,692.89,1.18,36.26,0
76.78,93.06,1695.45,50.59,48.99,683.03,1.29,36.46,0
86.22,98.92,2005.3,73.28,58.32,495.08,0.69,36.06,0
73.27,93.51,2620.02,118.2,56.35,204.19,0.78,35.57,0
80.87,92.26,2140.62,109.23,37.47,294.67,1.53,36.61,0
83.77,100.0,2561.86,86.99,79.49,549.44,1.85,35.7,0
73.56,94.48,1944.34,135.1,48.09,200.53,0.92,36.56,0
68.33,93.25,2171.09,102.95,39.85,612.02,0.55,37.16,0
75.57,90.8,2021.16,66.33,20.0,360.49,2.12,37.43,1
59.63,94.33,2608.23,141.47,50.12,684.22,1.43,35.96,1
74.81,97.3,2901.99,105.33,68.36,324.97,0.83,37.05,0
75.67,98.47,1527.73,10.0,41.65,341.05,1.04,35.77,0
78.16,94.82,2122.52,170.74,40.99,583.59,0.9,36.82,0
62.61,96.36,2405.07,108.42,40.64,567.92,1.29,37.03,0
85.01,93.88,2456.6,94.98,51.62,513.59,1.39,36.8,0
81.44,95.36,2474.07,17.41,50.05,720.84,1.16,37.42,0
65.8,94.99,2232.18,103.61,20.0,757.38,1.74,36.84,1
74.93,90.55,2229.7,124.18,44.55,443.12,1.82,36.82,0
91.4,97.56,2506.51,73.55,44.63,675.77,1.09,36.01,0
71.16,96.97,2287.46,123.13,47.29,556.32,2.02,36.2,0
85.49,96.28,2079.25,114.22,77.24,477.99,1.57,36.79,0
92.12,98.59,2361.84,141.39,38.15,210.55,1.12,36.21,0
72.69,92.65,2006.25,119.21,39.67,381.2,0.37,36.64,0
92.17,95.11,1746.18,70.43,48.95,247.05,1.92,36.97,0
68.91,87.62,2372.82,35.19,47.41,145.08,1.2,36.22,1
54.96,97.71,2242.01,108.78,55.15,598.38,0.85,37.48,1
54.21,91.39,2946.0,145.4,20.0,498.79,1.97,36.83,1
53.44,100.0,1542.34,60.18,45.17,238.0,1.14,36.09,1
73.16,94.29,2002.18,120.89,63.16,719.47,1.79,36.44,0
71.64,96.29,1556.73,148.97,52.92,863.04,1.78,36.1,0
83.44,94.31,1810.48,58.31,48.21,833.47,1.5,36.45,0
70.24,100.0,1383.52,176.7,36.11,496.27,1.75,36.78,0
76.67,92.1,1912.66,115.28,61.31,456.82,1.72,36.2,0
76.9,96.23,2268.43,127.85,59.12,183.21,1.17,36.69,0
69.88,95.47,1337.82,140.44,49.88,331.46,1.23,35.36,0
76.82,99.67,2592.6,103.41,35.46,698.36,0.81,36.56,0
88.04,91.14,1313.98,65.1,68.87,445.52,1.75,36.37,0
68.12,98.36,1472.75,76.73,37.38,751.93,1.14,35.96,0
83.25,96.96,2565.24,200.0,45.22,492.77,0.98,36.74,0
80.6,91.8,2636.03,138.56,53.29,600.99,1.05,36.87,0
80.71,92.07,1399.71,13.07,34.86,615.74,1.35,36.77,0
79.41,91.79,1341.79,92.15,44.02,155.75,2.21,36.27,0
69.01,99.6,1985.21,74.82,43.9,199.82,1.24,36.37,0
83.49,97.32,2464.52,149.67,64.97,123.19,0.89,36.43,0
72.25,94.06,2462.07,121.48,42.92,801.21,1.02,36.16,0
61.48,91.96,1825.33,74.12,52.51,268.92,0.85,36.86,0
78.23,93.89,2501.59,90.42,48.72,497.77,1.68,36.89,0
74.95,91.89,2562.27,143.91,39.57,672.54,1.55,36.77,0
60.32,95.3,2526.74,133.96,62.42,882.01,1.1,37.06,0
79.04,94.08,2289.79,87.71,76.18,541.82,1.61,36.15,0
70.62,92.53,2360.23,13.47,44.12,597.25,1.74,36.53,0
64.65,92.89,1289.62,165.41,43.94,301.25,2.0,36.05,0
86.38,90.03,2158.04,115.54,56.4,406.98,1.04,37.54,0
73.0,95.38,828.51,54.54,27.86,660.1,1.11,37.1,1
74.03,95.1,2337.8,118.36,59.63,282.78,1.45,36.77,0
70.58,91.64,1620.67,31.52,64.42,404.52,1.52,36.65,0
64.24,98.2,1672.39,47.07,42.1,348.04,0.65,36.35,0
70.67,91.53,1988.24,164.07,20.0,634.6,2.43,36.88,1
60.33,95.58,1948.19,152.02,24.42,388.88,1.18,35.47,1
78.22,91.18,2044.36,104.05,37.08,248.1,1.49,37.1,0
92.64,89.28,1536.88,65.51,20.21,133.99,1.11,36.03,1
81.69,95.14,1825.56,186.62,43.67,722.27,0.82,36.08,0
90.46,98.49,2243.18,67.04,50.99,340.91,0.31,36.96,0
69.63,91.93,1911.24,10.0,40.96,611.69,1.48,37.29,0
82.22,92.28,2668.88,98.18,56.31,361.75,1.3,36.95,0
69.17,90.69,2551.31,79.24,43.86,503.19,0.99,36.84,0
72.78,90.9,2305.57,105.65,43.4,658.88,1.64,35.81,0
94.45,94.84,1206.13,91.48,52.79,335.21,0.75,36.96,0
81.78,95.29,1672.01,92.02,38.52,477.46,1.69,37.1,0
74.46,96.2,1588.29,142.32,57.7,427.33,1.84,36.45,0
74.37,97.6,1788.06,27.78,52.16,239.36,1.59,36.1,0
74.69,88.15,1789.77,200.0,30.73,279.36,1.41,36.23,1
64.62,94.79,2318.63,137.48,58.37,761.31,1.79,36.5,0
52.35,88.92,1737.58,109.97,76.6,602.76,1.15,35.52,1
78.18,90.92,1483.68,92.63,42.7,558.01,2.22,36.08,0
80.09,99.99,1749.59,85.25,58.61,692.4,1.47,36.42,0
104.29,91.02,1387.04,115.22,48.58,572.27,0.98,36.54,1
76.99,96.76,2598.73,47.47,39.8,714.9,1.61,35.58,0
79.2,96.15,1987.03,108.67,37.09,332.31,1.0,36.75,0
71.25,93.98,2062.57,138.1,42.45,658.0,1.41,36.78,0
80.92,94.68,2002.25,50.77,52.79,301.0,1.23,36.8,0
81.53,99.76,1889.82,67.53,31.76,579.07,1.94,37.36,0
78.83,93.89,1747.65,156.06,54.7,577.53,1.68,35.82,0
77.95,96.89,2546.17,81.36,51.2,607.63,1.95,37.01,0
68.22,95.32,2205.41,30.36,41.33,842.15,1.31,36.98,0
93.42,94.4,2342.75,47.26,59.88,227.7,0.78,36.79,0
80.91,91.87,961.44,106.78,30.91,537.96,1.51,35.86,0
77.62,95.62,1718.91,114.0,33.45,347.76,1.03,36.21,0
63.16,100.0,1795.23,124.99,81.79,356.59,1.03,36.24,0
83.47,95.18,1352.37,16.39,46.77,459.62,1.3,36.66,0
72.08,93.52,2011.53,47.68,53.69,856.44,0.52,36.75,0
93.02,98.01,1985.0,83.28,71.17,399.05,0.59,37.02,0
88.86,95.63,2716.18,165.52,67.07,100.0,0.56,36.24,0
79.96,92.83,1894.71,115.0,20.0,389.65,1.82,36.19,1
92.34,92.58,1479.5,28.4,58.0,625.13,1.69,37.1,0
88.46,92.79,1148.71,76.05,29.75,828.32,1.88,36.94,1
87.41,92.71,2285.49,172.68,55.28,464.4,0.89,35.01,0
74.2,95.82,1658.91,100.78,62.27,426.9,1.94,35.98,0
73.45,100.0,1296.94,87.63,33.09,342.65,1.47,35.93,0
87.19,86.85,1764.85,112.49,63.31,584.62,0.64,37.45,1
64.29,95.75,1516.99,148.21,57.32,547.36,1.07,36.57,0
75.86,94.6,2094.47,28.72,63.09,399.54,1.27,36.46,0
72.25,95.61,1921.51,77.07,20.0,580.99,0.81,36.83,1
81.19,95.35,1609.94,179.39,46.35,560.54,1.15,36.25,0
76.45,95.81,2010.44,114.08,68.58,832.71,1.25,35.81,0
68.15,94.01,996.01,135.52,62.73,730.18,1.18,37.27,0
70.29,95.92,1902.66,137.72,25.83,206.05,1.2,36.52,1
63.32,87.78,1441.91,150.7,62.01,728.47,1.03,35.65,1
76.86,97.02,2304.88,67.41,69.34,843.7,1.53,36.71,0
76.54,96.87,1484.88,160.53,57.99,597.96,0.91,36.57,0
68.79,91.49,2521.69,10.0,58.51,591.87,1.04,36.08,0
75.86,92.74,2071.92,46.39,49.7,447.94,0.95,36.31,0
73.45,95.88,2287.06,10.0,73.47,100.0,1.53,36.78,0
61.97,94.87,2262.43,136.05,42.6,487.33,1.64,36.82,0
71.8,91.84,1564.95,10.0,54.95,227.74,1.25,36.78,0
67.77,94.12,1079.36,45.88,41.48,583.15,1.28,36.58,0
79.8,91.12,2303.07,151.87,41.11,541.66,1.94,36.34,0
65.45,91.39,1748.34,79.16,50.42,755.54,1.6,36.89,0
71.22,100.0,1961.76,75.83,55.71,305.89,1.69,36.53,0
70.79,93.02,1926.04,54.8,30.8,577.04,1.35,36.71,0
81.55,92.72,1638.9,198.36,20.0,296.98,1.3,36.66,1
89.26,94.72,1288.52,73.4,64.29,211.26,0.85,36.86,0
92.55,92.73,1407.62,106.38,58.24,440.62,1.57,36.86,0
75.33,94.61,2844.39,122.81,30.04,541.68,1.14,36.68,0
75.94,91.83,1896.58,32.32,40.4,446.38,1.5,37.78,0
67.91,89.58,1769.4,64.46,32.21,473.43,2.05,36.86,1
88.49,97.18,2042.68,80.34,53.9,167.46,1.18,35.92,0
71.56,93.15,2659.53,39.82,54.4,393.91,1.44,36.78,0
76.2,88.98,2259.68,45.72,57.01,645.19,1.63,35.67,1
56.48,91.97,1761.92,84.52,48.65,490.99,0.21,36.66,1
58.26,91.97,1928.51,127.76,20.0,595.6,1.86,35.9,1
63.44,92.77,1600.89,16.99,26.33,524.04,1.06,36.67,1
74.65,91.06,2441.08,112.9,94.27,750.0,1.13,36.45,0
70.3,96.5,1874.94,200.0,37.71,280.23,1.49,36.92,0
60.17,95.2,1400.45,148.85,62.17,629.71,0.4,36.67,0
64.79,94.26,2465.58,71.06,66.77,501.41,1.1,36.5,0
72.95,90.62,2722.87,71.61,57.94,558.27,1.47,36.06,0
87.06,94.46,1952.62,122.52,53.71,634.93,0.61,36.41,0
64.19,95.66,1685.09,27.88,39.37,531.32,1.01,35.76,0
65.86,93.47,1321.29,63.86,49.75,188.33,1.09,36.5,0
65.65,95.21,1666.23,70.38,49.07,516.15,0.92,36.68,0
85.06,97.32,2748.76,115.29,40.38,509.19,1.58,36.86,0
72.07,89.75,2435.24,182.71,42.72,256.57,1.01,37.27,1
70.06,93.76,2452.27,78.79,24.79,592.99,0.24,37.09,1
62.58,91.52,1536.0,53.4,54.56,536.23,1.19,36.35,0
81.95,90.45,1833.69,68.45,51.05,542.23,1.25,36.34,0
98.42,95.68,2242.73,94.1,67.13,499.39,1.48,37.57,0
74.45,91.64,2569.33,76.28,30.67,274.47,0.86,36.07,0
61.05,95.49,2483.15,61.07,36.62,801.25,1.47,36.14,0
65.56,89.48,1646.83,94.74,75.55,673.92,1.36,36.73,1
88.14,95.46,1922.92,87.24,55.89,643.42,1.83,36.74,0
93.1,94.84,2575.48,143.95,38.5,362.63,1.47,36.4,0
87.2,92.86,2619.93,41.39,46.72,529.16,1.79,36.29,0
73.81,91.18,1297.93,92.86,61.85,550.58,1.33,36.01,0
82.53,92.26,1750.77,113.74,64.02,629.31,1.13,35.92,0
75.59,95.95,1942.31,50.38,30.99,590.12,0.95,36.99,0
92.36,95.77,2254.97,86.43,62.84,447.49,0.71,35.87,0
79.35,96.52,1453.75,135.06,63.82,377.53,1.36,35.93,0
64.78,91.7,1766.68,31.89,48.82,719.96,0.38,35.76,0
79.71,93.56,1772.95,102.09,24.26,335.81,1.07,36.13,1
77.32,92.46,1192.45,111.05,48.47,804.34,1.47,36.99,0
58.92,94.98,861.57,106.12,87.05,305.45,0.82,35.98,1
61.02,94.17,2488.52,116.72,48.59,409.86,0.11,36.14,0
86.88,97.53,1332.44,154.42,49.86,174.38,0.68,37.15,0
68.11,96.62,1636.84,132.92,28.77,417.55,0.36,37.25,1
68.99,93.12,2254.8,114.48,20.0,445.72,1.67,35.88,1
75.75,95.55,2588.89,118.98,52.73,585.48,1.24,36.14,0
83.22,98.92,1530.27,160.8,48.37,518.13,1.79,36.85,0
67.14,94.02,2250.89,99.04,51.86,228.04,0.58,36.42,0
58.0,94.86,1720.95,200.0,46.8,408.88,1.23,36.06,1
62.11,95.97,2244.94,104.25,69.37,616.73,1.3,36.93,0
60.09,95.77,1831.98,140.85,46.97,457.41,1.16,37.21,0
69.02,97.32,2079.98,135.03,82.9,876.25,1.58,37.14,0
69.31,93.73,1508.08,138.0,41.87,527.4,1.05,36.5,0
65.36,93.19,1828.17,110.88,40.91,411.85,0.71,36.17,0
67.18,94.17,2198.82,74.49,76.06,662.47,1.94,38.0,0
89.12,94.26,1282.08,123.34,32.78,839.98,1.7,37.68,0
80.62,95.93,1379.9,57.84,50.7,600.64,0.57,36.11,0
65.42,91.98,2153.26,76.24,48.4,454.06,1.45,36.55,0
74.11,96.65,1403.27,51.48,80.56,601.3,1.04,35.37,0
73.11,93.09,2504.72,200.0,23.78,611.97,1.36,37.27,1
67.58,88.06,1407.25,74.96,66.88,1000.0,0.98,37.04,1
78.45,92.69,1387.88,10.0,54.94,574.01,1.11,37.17,0
79.38,95.93,1639.99,105.21,57.75,373.61,1.39,37.23,0
58.77,91.32,2320.8,178.37,46.92,247.46,1.08,37.59,1
85.97,100.0,1995.01,23.6,46.76,692.94,2.07,36.28,0
83.53,94.15,1342.65,38.12,43.51,658.49,1.61,36.46,0
87.59,87.44,2742.32,104.11,20.0,645.12,1.87,36.31,1
87.07,100.0,1600.84,10.0,52.46,361.66,0.8,37.22,0
65.52,94.48,1798.62,72.19,26.62,778.17,1.7,36.96,1
77.18,93.32,1524.6,119.63,45.07,368.19,1.08,35.95,0
60.93,97.57,2839.69,93.79,81.41,684.77,1.15,36.53,0
56.39,94.22,3100.55,63.99,49.65,915.57,1.18,36.08,1
86.33,87.96,1634.61,54.86,63.12,810.08,0.81,36.58,1
66.93,98.56,2008.55,75.19,57.49,675.3,1.31,35.88,0
69.06,94.49,1728.75,60.79,33.74,187.99,1.58,36.17,0
87.95,94.41,2618.69,172.28,56.82,172.4,1.28,36.69,0
66.55,94.26,2644.25,135.45,42.92,754.78,1.19,36.62,0
71.89,95.76,2064.14,25.06,58.05,654.75,0.85,36.19,0
70.76,93.63,1967.74,96.36,46.26,834.79,0.86,36.56,0
57.21,100.0,2404.93,55.7,51.81,373.23,0.71,37.45,1
58.62,97.99,1791.8,10.0,61.95,162.7,0.84,37.04,1
84.99,93.73,2017.79,109.84,43.42,942.47,0.71,36.22,0
64.25,95.48,1583.6,144.74,34.57,372.62,0.62,36.5,0
75.3,97.02,1317.0,10.0,53.79,427.8,0.97,37.24,0
70.32,92.82,1617.82,79.75,60.28,389.68,0.87,36.99,0
69.87,90.45,2119.14,157.09,69.01,487.87,1.69,37.02,0
73.63,98.86,2043.49,136.08,44.57,325.71,0.65,36.49,0
79.45,94.74,2272.28,200.0,33.47,620.86,0.57,37.51,0
54.18,98.04,3335.12,38.04,70.29,160.5,1.17,36.76,1
86.83,95.99,2115.72,189.28,53.62,310.06,1.34,35.73,0
85.38,92.72,3124.83,123.59,34.91,969.07,1.22,36.01,0
77.09,95.87,2852.36,164.84,36.85,763.58,1.05,37.04,0
79.08,94.39,2125.9,106.06,53.05,625.95,1.37,35.8,0
75.46,97.91,2202.7,54.34,64.58,669.03,0.97,35.93,0
89.72,94.85,1943.14,91.79,44.24,307.02,0.95,36.55,0
86.39,100.0,1902.62,60.2,78.28,435.92,1.42,36.8,0
72.17,91.91,1868.14,10.0,46.57,860.57,0.63,36.82,0
79.8,93.05,2273.25,130.04,51.59,473.65,0.82,36.34,0
68.75,89.61,2269.78,33.71,43.3,100.0,1.13,36.52,1
86.59,94.0,2942.92,105.77,50.07,588.37,2.23,37.03,0
78.42,96.02,1823.75,94.47,40.93,353.56,1.31,36.24,0
82.17,94.51,1969.99,143.39,57.31,205.04,1.07,36.7,0
63.94,93.33,1802.54,10.0,57.96,435.65,2.52,35.67,0
86.79,98.21,968.24,144.53,28.5,585.83,1.58,37.43,1
76.1,96.16,2173.53,96.89,60.43,511.5,1.31,36.71,0
75.77,95.62,2989.23,164.48,34.22,183.61,1.18,36.26,0
75.8,93.8,2496.46,91.35,58.0,687.65,1.34,35.58,0
81.38,92.96,2400.58,99.53,86.18,439.15,0.82,37.18,0
83.64,96.4,1987.28,73.58,29.69,581.05,1.39,36.25,1
71.91,100.0,2295.66,123.85,28.9,504.82,1.2,36.56,1
64.69,90.18,1251.36,22.02,42.18,363.26,1.18,36.28,0
88.59,100.0,2396.6,50.49,71.13,330.87,0.54,36.9,0
75.21,91.24,2651.37,32.74,44.96,344.65,1.72,36.87,0
77.62,92.27,2275.59,105.21,77.12,522.64,0.49,37.8,0
52.32,94.92,2273.89,58.62,55.53,560.79,0.33,36.5,1
80.25,92.46,1894.81,100.59,83.96,725.64,1.03,36.81,0
88.33,97.49,1330.4,19.98,38.88,551.67,1.01,36.74,0
66.76,91.71,1928.27,122.82,91.21,733.04,1.37,37.29,0
92.82,87.49,1566.78,86.54,30.01,100.0,0.78,36.43,1
77.54,95.79,1960.75,164.83,52.52,741.05,0.46,35.1,0
79.64,96.19,2178.34,114.78,63.57,448.5,2.01,35.98,0
64.28,97.16,2357.1,97.81,38.28,144.73,1.42,36.28,0
66.95,89.22,1903.07,149.0,27.87,328.87,1.79,36.33,1
52.2,92.42,2321.66,129.6,67.58,278.83,1.17,36.76,1
70.8,95.06,1712.3,97.4,62.35,662.3,1.3,37.0,0
71.64,93.64,2588.88,41.99,51.88,923.07,0.72,36.03,0
72.18,95.3,2262.44,80.5,20.0,457.57,1.57,36.49,1
66.96,94.76,2441.99,81.31,62.71,445.24,1.26,35.69,0
78.27,93.76,1404.83,10.75,20.0,289.16,1.25,37.06,1
75.8,95.19,1830.92,144.1,49.01,605.82,0.75,36.33,0
77.32,98.49,2328.32,105.53,38.93,297.07,1.22,36.45,0
78.3,94.48,2108.72,80.74,70.19,686.86,0.78,36.17,0
68.02,97.01,886.76,19.6,50.16,561.48,0.35,36.3,0
62.51,95.86,1335.84,128.18,58.6,527.15,1.3,35.81,0
72.38,90.69,2387.46,99.38,37.03,597.09,1.06,36.36,0
67.53,91.33,1914.86,94.04,52.57,354.54,1.89,36.86,0
56.43,97.1,2426.01,97.33,35.09,310.93,1.63,36.83,1
74.08,97.18,1554.11,120.23,73.09,901.29,1.55,37.03,0
89.03,99.17,1982.85,100.66,59.74,464.95,0.87,36.26,0
70.49,86.72,2884.47,81.55,32.36,764.18,0.68,36.71,1
71.36,96.3,2291.54,61.83,41.44,617.32,1.79,36.35,0
69.27,93.6,2344.39,153.06,43.72,471.47,1.34,36.56,0
75.23,90.63,2421.99,139.93,25.24,649.43,1.68,37.04,1
81.88,97.94,2002.86,185.31,81.68,100.0,1.56,37.24,0
87.34,97.67,673.37,61.94,40.46,656.35,1.34,36.05,0
78.85,94.4,1752.24,53.74,42.36,643.4,0.51,37.9,0
90.25,88.28,2287.39,37.33,47.84,463.96,1.35,36.81,1
78.96,91.92,1449.52,95.41,65.62,579.07,0.85,37.06,0
77.1,92.01,1453.56,136.76,40.5,312.8,1.55,36.91,0
66.28,97.78,1989.84,142.78,36.9,759.36,1.13,35.8,0
77.0,97.77,2482.43,150.41,60.28,569.11,1.36,36.62,0
74.14,94.12,2057.21,140.93,59.58,569.98,0.8,36.14,0
75.87,91.27,2164.54,184.17,43.49,364.53,1.01,35.29,0
61.95,94.69,2168.0,75.37,62.29,563.09,1.24,36.84,0
67.73,93.86,1390.07,22.71,82.95,466.69,0.97,37.11,0
67.85,97.07,1183.94,60.0,68.19,676.36,1.2,36.05,0
70.24,91.02,1767.62,169.85,43.78,364.73,1.15,36.29,0
73.74,93.27,2973.5,53.42,51.08,359.62,1.33,36.35,0
75.65,96.07,2490.41,10.0,45.05,693.97,1.45,37.05,0
57.03,95.58,1833.12,61.44,54.73,531.12,1.33,37.15,1
66.54,97.42,1883.47,81.6,62.81,118.65,1.47,36.5,0
76.79,92.84,1593.27,86.01,63.76,451.02,1.68,35.77,0
77.12,97.59,2034.42,51.3,50.36,122.32,1.63,36.58,0
70.96,96.81,2207.18,200.0,39.18,730.02,1.48,36.81,0
59.68,88.97,2031.39,116.22,61.51,534.99,1.13,37.19,1
66.73,91.95,1503.31,30.61,31.46,642.87,0.99,37.71,0
79.74,99.58,2313.93,108.87,39.13,452.39,2.35,35.75,0
86.83,93.32,1964.35,151.0,54.56,548.08,1.86,35.32,0
68.3,99.19,922.18,200.0,41.04,440.3,1.07,36.83,0
79.2,94.92,1675.18,59.59,24.55,596.23,1.36,37.04,1
86.22,94.01,2446.8,138.28,34.72,363.56,1.93,36.39,0
86.69,94.52,2265.81,35.13,72.81,209.57,0.63,36.36,0
79.5,94.77,2132.77,157.72,46.24,315.6,1.41,36.42,0
76.87,92.51,1825.59,111.58,43.35,398.36,1.93,36.42,0
77.07,98.33,953.44,110.29,71.09,862.3,1.6,37.1,0
59.62,94.05,1716.97,187.5,34.8,720.33,1.4,35.73,1
72.58,90.84,2299.12,141.93,38.46,134.51,1.04,35.83,0
78.62,94.85,2449.16,92.95,20.0,156.43,1.34,36.1,1
56.23,97.61,1880.35,15.9,39.9,650.99,0.88,36.44,1
73.4,92.51,1813.55,147.72,39.73,596.37,1.78,36.22,0
65.41,100.0,2464.54,83.27,38.16,459.21,1.0,37.14,0
72.48,92.53,1970.4,104.68,63.26,311.39,0.96,36.41,0
68.25,89.17,2139.26,46.66,45.2,264.48,0.91,35.89,1
68.52,95.74,939.48,118.04,52.61,383.09,0.92,36.16,0
55.5,98.87,2411.32,60.59,62.07,989.73,1.38,36.38,1
50.64,93.08,2628.82,48.01,31.71,181.77,1.39,35.75,1
70.53,95.31,2064.64,112.63,43.2,848.09,1.88,36.97,0
71.57,96.05,2325.11,80.51,25.19,417.01,1.0,36.83,1
84.45,97.69,2279.27,107.22,20.0,943.71,1.22,36.23,1
61.89,89.75,2089.13,82.94,56.48,648.11,1.14,36.75,1
100.53,96.28,1461.88,156.1,46.94,433.18,1.78,36.59,1
66.59,94.45,2202.57,47.51,57.32,335.2,1.56,36.6,0
50.0,94.01,2590.08,49.97,32.79,654.92,1.17,35.74,1
70.02,90.74,2757.61,86.71,39.5,747.17,1.41,36.04,0
71.36,96.9,3418.43,10.0,86.4,305.44,1.6,36.61,0
83.13,97.79,1966.5,78.49,39.12,121.34,0.95,36.08,0
76.83,95.17,2344.39,68.03,65.29,815.04,1.49,36.71,0
85.61,89.21,1796.9,30.7,50.61,248.57,1.65,36.41,1
65.35,91.09,1631.17,119.5,33.51,654.16,0.66,36.81,0
84.2,97.18,2107.34,66.37,55.3,301.41,1.63,36.1,0
66.69,94.69,1383.09,143.65,37.94,443.69,1.78,36.52,0
87.53,94.39,1915.72,75.42,61.81,329.06,0.81,36.6,0
73.53,92.85,1525.5,101.85,43.76,925.4,1.35,37.37,0
64.58,100.0,2131.98,141.37,88.51,383.78,0.84,36.54,0
81.71,94.75,1522.01,139.22,52.72,588.81,1.3,36.36,0
54.83,94.03,2139.4,40.99,23.19,612.16,1.73,36.44,1
81.14,96.17,2119.05,159.96,83.54,501.92,0.81,35.4,0
82.88,99.65,1248.02,117.0,31.46,230.95,1.05,36.61,0
74.36,91.34,1984.51,43.16,53.15,263.71,1.28,36.45,0
78.85,96.29,1990.29,31.79,33.65,627.36,1.03,36.2,0
73.78,95.97,2872.86,15.95,64.86,618.27,1.33,36.24,0
67.25,93.7,1705.59,74.77,39.47,455.79,0.92,36.94,0
65.48,98.84,1578.38,167.1,52.77,342.73,0.44,37.19,0
79.78,91.16,1876.27,108.78,52.11,466.91,1.38,36.16,0
80.68,90.46,690.03,69.66,36.26,675.2,1.58,36.0,0
71.07,95.7,1489.07,103.43,53.69,484.53,2.01,36.2,0
79.37,99.19,2136.38,61.29,69.84,556.71,1.13,36.62,0
78.71,94.96,1981.63,34.07,22.32,338.72,1.08,36.26,1
71.92,91.7,2277.34,48.55,45.86,313.55,1.25,36.2,0
97.41,93.67,2175.26,75.46,39.64,512.5,0.18,37.5,0
76.18,97.35,2773.38,131.55,46.85,426.46,1.77,36.38,0
62.52,95.59,1904.15,200.0,40.83,564.08,1.39,36.91,0
63.64,92.96,2601.29,89.17,35.95,410.69,1.01,35.56,0
82.78,92.89,1983.12,10.0,35.31,309.19,0.82,37.0,0
86.0,92.67,2577.72,149.51,49.58,459.45,1.3,36.27,0
70.11,93.12,1062.55,133.82,36.98,701.51,1.16,36.6,0
77.43,90.22,2241.09,98.02,63.48,571.08,1.76,36.71,0
79.16,89.11,1451.59,92.56,55.18,484.12,0.92,35.97,1
83.82,97.81,1298.56,91.27,40.56,505.93,1.29,36.5,0
83.89,94.23,1623.85,65.78,78.16,608.91,1.93,37.22,0
77.55,95.65,3084.83,63.95,68.86,227.96,1.61,36.85,0
72.23,93.51,2505.32,132.11,48.85,408.84,1.46,36.47,0
59.8,95.47,3339.85,40.91,45.24,766.58,1.59,36.49,1
85.91,87.97,2088.74,107.16,41.44,778.31,1.08,36.31,1
85.8,98.64,2401.25,61.3,41.91,632.44,0.4,35.9,0
82.7,94.85,1525.79,104.03,63.94,515.87,1.56,35.53,0
72.29,96.15,2636.55,63.02,74.97,350.63,2.17,36.52,0
65.67,93.17,1126.09,68.48,66.77,946.87,1.36,35.71,0
85.75,91.8,1478.15,50.61,49.37,350.36,1.25,36.17,0
65.89,98.05,3041.23,149.7,54.47,724.8,1.08,36.33,0
74.83,92.91,1600.15,122.04,33.57,733.08,1.31,36.58,0
74.81,94.91,1995.82,146.43,43.84,887.27,1.41,36.68,0
71.38,94.34,2148.71,154.74,79.66,100.0,1.62,36.28,0
77.91,96.29,1409.85,156.26,72.8,604.86,1.27,37.18,0
86.55,94.42,864.11,101.77,23.24,456.57,0.33,35.94,1
88.7,97.45,1159.7,106.04,42.12,231.64,1.57,36.7,0
66.89,98.91,1424.94,21.02,67.81,182.99,0.94,35.67,0
80.71,98.68,2271.03,157.54,52.4,402.63,1.38,37.05,0
79.14,99.52,1810.64,142.26,74.44,355.84,0.82,36.06,0
61.59,91.65,2880.97,69.77,56.84,524.61,1.61,36.34,0
80.4,94.38,1566.78,32.92,27.23,264.04,1.48,36.53,1
85.68,94.48,2181.69,64.79,31.28,643.86,1.41,35.77,0
83.12,93.06,1423.89,109.74,62.84,430.94,0.93,36.82,0
72.95,94.04,2565.57,121.35,64.02,849.52,1.5,36.9,0
63.26,94.42,2633.82,95.34,36.94,643.19,1.73,36.59,0
81.44,96.46,1192.73,34.99,53.77,439.2,1.14,36.06,0
76.83,95.92,2042.41,26.66,29.6,164.96,1.09,35.78,1
64.21,94.37,1819.81,85.95,41.24,126.33,1.27,36.16,0
88.65,96.79,2147.71,10.0,43.75,542.95,2.01,36.37,0
55.71,98.2,1744.43,132.53,20.0,413.17,1.38,36.7,1
70.69,100.0,1913.14,195.08,54.34,301.26,1.42,36.55,0
65.76,95.41,2311.76,75.6,71.5,401.1,1.38,37.27,0
72.82,93.13,2309.71,60.71,67.05,744.85,1.72,35.86,0
76.65,92.58,1736.08,100.97,62.58,287.45,0.87,36.03,0
53.35,95.13,1798.11,187.24,39.07,383.85,0.95,35.78,1
85.79,92.51,2268.52,155.31,31.66,323.27,1.02,37.37,0
68.9,99.41,1901.59,10.0,57.85,483.68,1.0,37.01,0
75.14,95.25,2416.63,105.99,41.3,277.62,1.37,36.96,0
67.35,93.78,2048.36,41.48,32.45,478.28,1.56,36.3,0
83.49,100.0,2976.6,64.67,55.82,980.27,0.76,35.72,0
80.27,95.83,2056.75,194.69,25.49,773.28,2.13,37.65,1
82.47,95.3,1557.22,91.72,43.13,572.57,0.88,36.24,0
57.85,96.79,1945.13,177.48,23.24,533.92,1.32,36.64,1
66.59,92.16,2143.96,67.76,47.67,762.2,1.46,36.8,0
89.92,95.74,1788.69,54.62,20.0,235.73,1.85,36.96,1
84.62,99.68,2117.75,69.52,31.62,361.04,1.43,35.52,0
83.82,95.33,1032.33,124.26,20.62,321.48,0.81,35.73,1
89.41,96.58,1821.65,81.6,53.17,416.97,1.29,36.26,0
78.74,97.38,2205.66,200.0,50.93,431.61,1.36,35.0,0
80.37,98.42,1559.9,16.5,56.78,506.81,1.21,36.9,0
83.89,98.74,1269.76,146.1,76.74,305.49,1.23,36.76,0
60.73,96.14,1886.28,114.06,39.73,469.91,0.96,37.43,0
75.01,96.47,1947.16,41.45,35.39,667.45,0.7,37.06,0
69.23,94.56,1641.89,200.0,35.43,632.78,1.13,36.54,0
76.3,97.08,1888.37,104.76,38.35,758.47,0.8,36.55,0
76.45,96.73,2053.29,90.77,68.87,569.91,1.78,36.66,0
83.05,100.0,1286.16,38.31,31.75,460.44,1.65,36.86,0
77.2,92.32,1924.75,30.06,53.29,176.94,0.19,36.24,0
65.18,93.14,1139.87,186.33,43.61,691.94,2.26,35.69,0
61.98,95.23,1450.16,168.12,45.63,628.35,0.52,36.48,0
55.82,100.0,1891.8,125.22,48.94,582.71,0.75,35.96,1
83.36,94.88,2725.65,89.88,47.03,755.34,1.85,36.71,0
97.9,90.35,1725.81,86.68,44.0,574.49,1.6,36.71,0
66.42,93.49,1996.25,63.32,42.59,552.01,1.47,36.64,0
60.61,97.78,2137.43,10.0,40.47,334.25,1.81,35.7,0
97.96,94.58,1380.68,130.92,54.08,534.98,0.87,36.23,0
76.03,91.8,1418.78,145.02,31.72,540.19,1.29,35.9,0
80.81,100.0,2309.98,69.53,41.57,333.68,1.11,36.87,0
78.23,91.56,2242.19,123.14,67.05,770.81,0.74,37.16,0
76.88,94.42,2641.93,129.43,95.54,170.82,1.67,36.91,0
75.59,87.56,1743.17,175.87,71.79,520.91,1.33,36.79,1
76.91,98.24,1931.91,109.42,66.73,577.56,1.86,36.58,0
62.82,96.94,2568.11,120.27,67.69,793.4,1.84,37.07,0
86.25,98.48,3156.07,61.46,20.0,904.71,0.16,35.82,1
58.02,90.3,2700.3,98.67,70.07,605.52,1.54,36.76,1
76.29,94.51,2334.11,31.19,46.91,750.67,1.57,36.61,0
86.5,95.34,2314.18,101.25,68.46,654.33,1.4,35.69,0
85.89,95.5,2139.24,10.0,28.05,697.9,0.65,35.76,1
73.27,97.22,2407.86,35.18,42.97,821.38,2.02,37.1,0
63.22,100.0,1504.55,134.05,71.9,478.16,1.29,36.94,0
82.2,96.45,2271.63,88.05,47.32,686.66,1.1,36.12,0
72.55,96.34,1551.73,158.85,50.05,100.0,1.45,36.23,0
64.64,93.95,1803.03,125.29,34.4,339.55,0.61,36.49,0
80.56,95.71,2584.97,112.6,39.31,413.46,1.62,36.4,0
84.01,97.35,2384.93,74.17,46.07,133.97,1.26,36.76,0
85.14,94.93,2124.38,181.46,74.23,710.63,1.88,36.87,0
67.09,93.54,1827.24,31.37,54.14,594.61,1.47,36.67,0
78.95,95.55,1797.67,191.89,61.94,405.83,0.84,36.3,0
71.26,95.15,2962.3,72.11,56.97,598.9,0.85,36.61,0
70.66,100.0,2217.84,43.22,58.3,517.72,1.05,36.2,0
72.01,99.11,2648.01,170.13,71.78,552.71,0.56,36.7,0
53.33,93.93,2402.93,61.8,28.23,349.47,1.06,36.71,1
78.1,93.53,2744.51,98.81,53.85,557.66,0.93,36.54,0
69.58,90.53,1604.97,101.29,22.53,762.82,1.07,36.83,1
65.5,89.81,1630.3,167.44,41.4,968.16,0.86,36.62,1
79.69,95.55,1996.5,118.51,37.56,208.73,1.72,37.53,0
63.43,96.93,843.86,83.34,56.75,804.4,0.94,36.13,0
58.35,97.63,1992.35,142.41,71.54,440.88,0.45,37.04,1
73.02,89.56,1949.62,84.36,56.25,406.0,1.8,36.43,1
65.31,90.77,2682.68,200.0,25.9,466.97,1.27,37.24,1
74.97,96.86,1939.41,90.31,76.38,532.94,1.16,36.65,0
64.66,98.61,2044.74,90.7,70.02,443.49,1.87,36.22,0
89.53,96.85,1822.53,90.72,36.38,552.5,0.98,36.78,0
82.44,88.12,2429.37,10.0,78.99,669.07,1.35,36.25,1
61.95,93.32,1291.32,29.56,44.02,417.97,1.02,36.88,0
65.55,92.76,1675.8,160.8,73.95,1000.0,0.67,37.3,0
73.11,94.06,1167.09,95.49,39.04,311.4,0.97,36.94,0
73.03,91.12,1349.64,10.0,72.06,892.2,1.54,36.4,0
61.84,94.16,1758.8,133.05,55.15,190.71,1.01,36.45,0
55.81,95.97,1754.26,174.46,61.43,100.0,1.51,36.41,1
77.01,92.01,2137.72,140.06,63.17,541.55,2.25,37.6,0
62.57,93.32,1474.43,10.0,32.34,744.47,0.74,36.93,0
83.48,96.07,1390.74,105.29,66.92,719.24,1.02,37.17,0
84.92,95.5,2019.61,79.25,49.32,615.83,1.35,36.85,0
70.23,94.42,1695.57,88.09,35.55,322.0,1.37,37.03,0
82.58,92.7,1454.83,91.03,47.35,297.63,0.41,36.75,0
51.96,92.61,2063.38,121.2,30.49,607.89,0.71,35.41,1
53.49,97.55,657.16,108.84,53.75,400.12,1.73,37.07,1
69.0,94.26,2166.25,160.21,57.06,462.0,1.32,36.95,0
79.94,92.8,2658.3,109.12,72.46,328.49,1.77,36.38,0
77.46,94.58,1883.51,85.03,72.33,702.7,1.09,35.99,0
70.9,94.33,1348.99,117.1,59.56,601.55,0.57,36.52,0
58.23,99.24,919.36,186.05,49.77,586.94,1.31,37.52,1
80.72,90.66,1683.88,99.54,70.04,487.49,1.15,36.6,0
99.82,95.15,2237.59,47.8,20.0,308.23,0.87,36.91,1
83.86,94.2,1604.18,86.73,49.47,266.05,1.22,36.79,0
94.11,97.73,1935.82,111.19,39.37,571.2,1.39,35.65,0
78.71,97.56,2813.86,152.21,84.16,325.77,0.35,36.5,0
65.48,95.98,1788.42,10.0,35.07,363.3,0.99,36.84,0
68.46,95.57,1434.69,106.09,28.55,617.04,1.17,36.27,1
80.4,95.51,1921.9,88.77,63.5,264.31,1.21,36.42,0
68.67,92.56,1603.25,160.16,40.72,738.05,1.13,36.64,0
73.76,94.51,2162.74,126.71,33.85,668.81,1.05,37.59,0
62.92,97.92,1552.03,24.06,62.19,351.98,0.88,36.95,0
80.07,94.5,1795.08,169.25,64.44,623.4,1.71,35.85,0
93.59,100.0,2442.58,73.46,60.02,218.04,0.75,36.75,0
63.66,96.94,1016.71,56.89,53.33,277.27,1.25,35.91,0
64.46,94.22,1898.83,81.16,40.16,490.27,2.14,36.12,0
50.0,95.5,2350.34,79.58,53.43,758.21,0.97,36.58,1
98.91,92.4,2658.58,146.05,40.47,474.38,0.87,36.28,0
63.73,100.0,1559.97,114.38,56.57,303.56,1.38,37.41,0
67.68,94.5,2164.69,13.75,52.81,208.93,1.27,35.99,0
74.86,98.36,1588.17,16.34,44.44,555.95,1.47,36.1,0
77.8,95.92,1856.74,93.1,44.9,549.92,1.46,36.7,0
62.76,95.24,1693.29,10.0,30.55,412.96,1.5,36.34,0
88.76,97.84,2071.65,167.27,48.82,475.37,1.75,36.02,0
72.59,98.66,1651.67,169.82,47.11,652.96,1.71,36.3,0
73.67,91.02,2232.86,141.72,47.58,455.24,0.93,36.47,0
92.07,93.78,3364.51,23.6,55.24,422.74,0.86,35.59,0
84.53,91.72,1885.4,72.5,75.95,672.76,1.27,36.44,0
55.02,92.4,1285.67,127.19,46.29,100.0,1.04,36.97,1
86.1,96.23,1775.41,189.18,48.48,325.9,1.11,36.88,0
90.6,99.83,1604.35,115.12,46.12,447.44,1.07,36.97,0
64.21,91.54,2963.52,87.51,48.36,231.67,0.59,36.55,0
66.87,94.1,1619.52,67.58,44.55,292.13,1.88,36.83,0
87.5,97.0,2128.83,58.68,63.01,559.74,0.71,36.46,0
80.3,94.3,411.61,104.04,51.41,353.76,1.39,37.29,0
72.71,92.18,2348.03,53.42,56.38,599.68,1.63,36.54,0
84.28,95.0,1488.26,29.43,35.45,226.77,1.33,36.54,0
73.82,94.21,2619.13,64.79,65.35,442.19,1.27,36.84,0
86.17,96.23,1796.84,150.93,76.53,632.11,1.74,35.95,0
79.21,94.67,756.77,72.52,64.56,607.46,1.29,36.63,0
67.63,98.61,1124.75,57.71,58.04,551.54,1.0,36.88,0
72.59,93.09,1611.65,53.16,20.0,747.68,1.26,37.03,1
73.03,86.85,1617.88,168.2,37.76,527.0,1.59,36.37,1
71.78,98.02,2377.57,183.18,62.5,635.62,0.74,36.92,0
87.22,93.53,2331.85,91.28,49.66,357.11,0.92,36.14,0
67.74,98.33,1259.8,110.35,54.29,542.02,0.29,35.77,0
91.98,94.83,2569.23,179.67,35.25,201.02,1.06,36.63,0
68.29,100.0,2483.17,83.44,47.5,580.27,1.52,36.4,0
81.21,94.69,3325.61,145.36,38.18,282.83,1.13,36.57,0
60.22,97.59,2026.78,190.96,40.34,699.21,1.12,36.03,0
77.93,92.81,2055.65,76.74,70.6,215.34,1.09,36.61,0
93.05,96.47,2215.7,63.31,34.41,418.78,0.9,37.75,0
66.13,93.5,1081.46,41.68,32.19,420.22,1.21,36.03,0
75.36,94.27,1771.3,200.0,35.96,511.07,0.87,35.84,0
68.75,93.26,1660.07,98.22,32.59,100.0,1.11,37.04,0
56.32,98.58,1452.71,132.59,43.78,174.85,0.62,36.93,1
77.29,91.87,2145.72,39.01,51.92,793.71,1.25,36.24,0
74.0,99.68,494.68,163.54,53.88,474.51,0.89,36.55,0
65.96,91.39,1938.61,150.95,75.91,543.75,1.61,36.12,0
85.12,97.07,2332.37,109.1,71.19,191.84,2.02,37.01,0
80.02,98.98,2212.91,126.25,66.85,646.11,1.54,36.7,0
68.13,95.65,1708.61,146.6,44.21,545.03,1.09,36.7,0
73.65,92.44,1933.65,63.11,55.06,635.46,0.92,36.2,0
75.54,94.42,1278.97,166.51,51.88,100.0,0.99,36.12,0
70.06,100.0,1744.62,101.41,59.91,324.84,1.73,36.9,0
81.92,94.57,923.56,52.98,65.74,755.73,2.08,37.41,0
81.77,96.03,2220.81,137.06,45.25,435.81,1.0,36.11,0
62.64,91.59,1332.87,60.2,80.9,702.1,1.28,36.7,0
74.17,97.25,2339.74,123.66,34.52,683.94,1.59,36.88,0
80.53,93.78,2000.69,123.29,55.86,100.0,1.79,37.45,0
51.77,90.01,2497.23,137.0,79.19,476.82,1.27,35.67,1
79.67,97.55,1928.92,37.48,55.32,447.19,1.11,36.51,0
53.18,97.45,2915.32,28.2,46.12,843.69,1.1,35.81,1
85.11,98.16,2562.23,140.87,60.62,397.3,1.04,37.12,0
79.74,93.54,2110.83,136.24,43.58,421.01,1.31,35.84,0
93.74,96.67,1841.66,73.85,39.93,667.47,2.04,37.01,0
74.72,97.69,1927.33,71.93,57.53,645.19,1.24,36.01,0
71.83,91.64,2526.35,159.32,42.8,507.58,1.04,35.9,0
69.87,94.04,2188.3,62.37,43.86,812.1,2.3,35.44,0
68.26,99.58,2497.11,124.37,99.95,493.53,0.95,37.66,0
64.15,99.09,2298.67,66.46,60.19,635.04,1.62,36.2,0
78.52,95.57,1168.61,61.4,55.61,602.56,1.2,36.1,0
67.46,96.06,2007.09,105.98,39.17,646.92,1.51,37.2,0
60.73,95.8,2273.45,84.08,31.7,354.99,0.77,36.87,0
92.05,97.03,1302.71,110.35,37.13,555.95,1.5,36.34,0
75.72,95.21,1490.35,64.58,62.08,444.24,1.3,36.93,0
82.62,92.74,2347.84,141.31,36.43,931.02,0.77,36.73,0
66.7,100.0,2274.09,169.97,42.06,391.89,1.42,36.86,0
73.29,93.16,2891.59,92.28,37.95,497.75,2.06,35.88,0
69.51,95.11,1783.86,150.31,63.35,562.35,1.54,35.32,0
69.08,92.22,2645.1,81.35,89.65,519.29,1.38,37.22,0
82.28,97.98,1494.03,141.87,57.6,785.09,1.51,36.28,0
82.62,98.48,1816.79,64.61,40.91,303.78,1.08,36.25,0
61.9,96.01,2763.37,107.64,49.42,489.81,1.32,36.04,0
66.38,99.4,2403.3,148.31,46.55,100.0,1.45,36.69,0
85.51,93.31,2725.21,31.32,45.65,848.55,1.17,36.45,0
80.27,98.55,1053.17,174.83,51.96,903.57,1.0,37.58,0
51.53,92.29,2154.05,91.64,32.96,815.42,1.31,36.77,1
70.96,94.08,2277.33,119.33,22.02,562.12,1.38,36.85,1
70.29,95.07,1321.83,127.81,57.18,556.64,2.03,37.18,0
84.97,97.08,2678.92,103.1,75.31,472.16,0.92,36.95,0
80.58,99.48,1516.47,68.04,67.26,596.17,1.42,36.03,0
71.98,92.51,2348.73,130.9,30.64,532.0,1.12,35.54,0
87.74,96.83,2143.26,200.0,53.66,440.81,1.29,36.76,0
83.31,92.02,1497.35,156.72,52.98,100.0,1.36,36.66,0
74.07,96.29,1424.91,80.6,50.39,382.0,1.13,36.3,0
74.96,96.52,2089.06,123.61,25.22,424.26,0.4,36.58,1
61.62,92.22,2490.76,133.01,44.77,283.3,1.5,36.93,0
72.99,92.55,1309.07,40.59,55.15,634.95,0.82,36.79,0
72.29,93.17,2418.28,147.86,48.0,580.29,0.88,36.36,0
81.57,93.42,2500.82,168.87,71.93,286.72,0.9,35.86,0
64.39,95.8,1047.79,131.55,37.75,819.4,1.17,37.0,0
61.27,95.42,1718.8,91.55,48.21,100.0,1.6,36.59,0
83.16,99.51,1793.19,84.07,72.08,722.31,0.65,35.78,0
69.42,96.93,2068.03,104.74,21.71,372.8,0.93,37.16,1
57.86,99.81,1658.19,140.54,45.07,511.09,1.49,36.14,1
65.99,99.67,1786.81,69.07,34.66,614.7,1.36,36.06,0
76.31,96.58,1984.54,144.56,74.84,516.1,0.96,35.94,0
73.1,93.05,2013.29,10.0,56.42,535.49,0.81,36.99,0
73.32,94.51,1493.11,139.82,71.21,548.63,1.57,36.65,0
74.87,96.24,1754.13,99.47,45.02,393.1,1.95,37.01,0
71.28,96.28,2445.07,161.64,45.02,703.26,1.61,36.63,0
64.4,88.3,2426.66,153.45,50.78,447.8,1.1,36.87,1
93.33,94.31,2867.05,74.58,46.89,659.43,0.79,36.64,0
81.35,90.48,1887.29,103.41,70.35,592.12,1.6,36.88,0
77.14,93.84,2372.86,73.49,50.18,380.1,0.58,36.62,0
80.76,90.88,2389.98,27.95,42.76,275.34,0.87,36.86,0
73.21,91.97,1661.31,71.45,75.83,629.55,1.35,36.43,0
68.99,93.39,1780.06,155.64,57.9,847.78,0.62,35.79,0
74.91,92.73,1123.02,121.32,51.49,523.88,2.17,37.18,0
78.42,95.26,2145.23,42.37,37.78,329.54,1.72,36.81,0
67.29,96.44,2151.07,24.42,48.0,613.34,1.01,35.91,0
62.34,95.06,1665.4,71.23,45.41,425.09,1.15,36.27,0
76.3,95.89,2531.27,79.38,56.64,318.04,1.45,36.59,0
91.15,88.61,2318.29,80.62,52.39,440.13,1.54,36.03,1
77.76,95.26,2782.37,126.58,54.01,719.64,1.5,37.62,0
80.35,97.84,2550.82,148.98,50.59,637.7,1.63,36.78,0
65.2,98.04,1594.02,47.87,48.48,865.53,1.45,36.19,0
66.53,95.73,2290.71,171.65,40.15,436.4,0.99,35.72,0
73.5,91.78,2901.25,95.8,43.47,851.4,1.33,36.33,0
65.11,95.84,1625.49,150.07,24.74,450.62,0.78,36.64,1
62.17,91.66,1858.02,96.21,29.24,530.92,2.32,35.89,1
84.22,95.46,2562.9,137.26,43.33,676.1,1.99,37.05,0
63.43,100.0,1297.88,46.5,36.65,290.3,1.74,36.33,0
80.92,96.97,1733.02,28.64,44.62,194.28,1.21,36.6,0
61.79,98.53,780.41,91.04,39.38,635.19,1.15,36.21,0
81.67,99.08,2119.17,128.51,35.46,483.09,1.59,36.98,0
59.52,93.86,1962.33,25.58,46.24,557.39,0.77,37.39,1
87.35,100.0,1881.68,82.13,21.83,843.02,1.26,36.87,1
85.85,97.68,2136.85,49.45,63.55,576.21,2.07,36.32,0
84.58,91.74,1885.19,171.86,44.9,574.87,0.92,35.98,0
86.96,93.46,1136.72,114.97,53.45,378.4,0.73,36.76,0
84.91,95.16,1869.5,196.88,33.95,162.37,1.28,36.21,0
60.54,99.57,2921.25,99.68,70.68,392.82,0.74,36.85,0
65.67,97.12,3179.23,50.38,77.44,316.59,2.21,37.39,0
85.43,97.36,1938.71,64.52,45.51,496.67,0.64,36.59,0
64.86,98.91,1690.81,182.47,44.3,635.55,0.98,36.68,0
63.44,94.79,1708.98,28.49,30.01,128.75,1.93,36.7,0
69.86,94.59,1690.79,144.47,42.35,369.0,1.52,37.71,0
76.61,94.63,2174.57,61.26,46.69,728.43,1.2,36.3,0
63.71,96.36,2262.01,140.58,46.84,700.68,1.36,35.8,0
75.98,91.28,2109.97,39.52,63.28,500.64,2.04,35.85,0
75.4,88.73,2504.5,89.0,42.76,533.54,0.71,35.34,1
65.35,96.27,2442.57,111.49,39.59,532.38,0.41,36.52,0
73.58,92.15,2181.19,87.21,54.0,616.27,0.38,36.55,0
74.4,93.72,1432.27,34.63,45.35,592.03,1.33,36.76,0
75.98,97.75,2546.38,13.39,50.77,496.72,1.37,36.27,0
70.73,94.7,2062.34,134.07,43.02,664.72,1.06,36.18,0
75.16,99.57,1869.66,32.82,40.28,619.41,1.13,36.36,0
74.86,99.68,2921.9,141.94,55.8,484.31,1.82,36.26,0
86.33,92.62,1801.73,159.8,62.34,500.42,0.95,36.04,0
74.55,100.0,1576.92,122.04,46.38,798.28,1.23,35.94,0
86.92,98.9,2183.21,134.2,20.0,552.53,0.68,36.94,1
73.85,94.02,2275.6,89.58,32.68,634.6,1.42,36.94,0
80.62,94.36,2224.95,81.33,58.18,580.61,1.16,35.7,0
79.0,93.79,1000.96,45.61,58.07,525.38,1.27,36.42,0
90.37,94.24,2418.62,129.37,49.63,407.84,0.65,36.24,0
58.76,92.86,2097.72,117.77,64.36,298.27,1.74,36.94,1
72.19,97.2,2213.59,120.04,39.02,155.54,1.24,36.12,0
73.2,94.51,2069.05,102.14,60.46,608.36,1.27,36.79,0
80.73,89.94,2870.67,94.19,38.09,694.15,1.21,36.49,1
69.98,97.4,2327.89,58.25,70.01,281.21,0.91,36.37,0
65.98,97.48,2900.71,80.62,52.59,396.45,1.61,36.05,0
64.34,94.65,2728.46,152.63,28.81,492.44,1.21,36.22,1
90.23,100.0,2376.92,75.99,40.15,464.3,1.45,35.55,0
65.62,95.29,2112.56,156.72,63.3,573.9,1.44,36.24,0
81.81,94.57,1902.99,112.85,20.0,513.27,0.57,36.28,1
73.45,93.99,1743.59,23.26,52.95,443.23,0.64,36.7,0
103.53,94.11,2100.88,45.0,77.78,698.31,1.09,35.23,1
67.42,95.39,2517.82,49.29,54.9,579.47,1.33,36.11,0
62.43,100.0,2113.01,46.16,45.37,615.31,1.93,36.86,0
83.44,95.67,2272.06,127.71,57.72,735.69,0.85,36.9,0
60.87,94.37,1830.93,142.97,23.73,410.84,1.08,36.92,1
54.94,100.0,2352.82,125.5,62.37,317.07,0.6,36.8,1
82.36,100.0,1831.95,74.43,49.01,248.76,0.56,35.4,0
84.37,93.93,2341.23,125.13,55.75,588.54,1.92,36.32,0
52.84,93.83,1832.99,48.27,55.23,740.89,0.98,35.51,1
70.96,97.97,2811.18,79.03,38.29,885.77,0.88,36.93,0
84.37,96.68,3003.87,95.44,63.52,830.78,1.44,36.21,0
64.81,90.36,1587.72,68.04,76.72,1000.0,0.85,36.38,0
68.9,94.02,1802.95,70.31,72.54,742.98,0.87,36.09,0
57.12,92.9,2228.28,48.63,41.69,764.33,1.27,35.82,1
71.64,91.74,1975.22,113.75,59.43,686.98,1.72,36.63,0
70.35,96.27,2073.2,171.62,46.06,564.22,0.75,35.81,0
100.63,92.02,3032.9,98.5,53.98,449.11,1.57,36.19,1
90.25,92.03,2030.47,106.46,58.41,733.31,2.58,36.26,0
81.62,100.0,2229.53,73.52,66.11,684.47,1.01,36.75,0
74.98,92.75,1915.1,10.0,63.75,130.89,0.69,35.69,0
72.45,95.89,2242.98,104.64,47.51,627.26,1.41,36.53,0
78.34,94.92,1818.63,77.1,67.06,182.13,0.66,36.52,0
73.64,93.02,1739.71,70.76,20.0,531.27,0.68,36.69,1
77.4,89.93,2436.83,79.05,50.47,587.33,1.72,36.78,1
86.92,97.14,2234.97,24.56,57.55,557.06,1.2,36.06,0
66.4,98.95,2902.96,116.5,55.11,888.39,1.24,36.69,0
81.2,92.63,2246.23,101.66,61.58,411.44,1.68,36.76,0
73.9,93.22,2608.77,162.37,46.32,914.26,1.15,36.13,0
79.14,97.77,2387.15,90.66,27.97,756.62,1.29,36.27,1
76.18,100.0,2589.49,171.49,54.99,397.37,0.86,37.09,0
77.99,95.16,2240.6,60.42,49.83,453.35,1.45,36.76,0
72.76,100.0,2458.95,126.78,60.36,691.65,0.98,36.72,0
81.96,91.59,2075.89,45.81,29.59,100.0,1.03,36.47,1
68.02,98.54,1577.56,75.0,43.08,387.57,1.84,37.19,0
62.19,99.69,2103.15,130.73,64.55,550.14,1.59,36.78,0
93.03,88.83,2384.74,10.0,74.2,550.67,1.76,35.55,1
84.71,95.18,2478.41,90.49,77.02,779.47,1.05,37.37,0
62.1,96.65,2080.96,68.48,44.74,711.84,1.15,36.75,0
74.38,95.4,1733.92,149.22,59.0,100.0,0.71,36.13,0
88.14,93.33,2355.66,81.22,20.92,691.49,1.19,36.67,1
67.51,95.03,1924.04,10.0,34.28,755.29,1.26,35.51,0
73.32,96.47,2242.68,102.12,89.62,552.91,0.66,35.92,0
65.21,96.98,2616.45,52.26,47.2,592.71,0.85,36.27,0
82.84,93.34,3237.8,13.45,77.64,338.09,2.12,37.28,0
87.22,94.34,2860.02,88.46,51.36,406.85,0.65,35.67,0
85.65,94.03,1861.08,48.11,44.08,796.99,1.02,36.82,0
88.18,92.02,1617.59,106.14,50.37,784.94,0.94,36.21,0
83.62,92.99,1775.87,10.0,64.24,586.02,1.77,36.59,0
62.08,94.51,2368.52,53.59,68.59,756.98,0.75,36.19,0
64.19,95.63,3344.58,140.38,39.5,778.78,1.52,36.16,0
67.87,96.14,2001.38,200.0,22.07,639.06,1.96,36.5,1
74.0,95.7,1497.56,130.2,51.28,718.67,0.99,36.73,0
78.57,95.01,1055.1,78.5,63.06,477.84,1.4,35.92,0
90.4,97.47,1925.26,123.91,52.48,769.28,2.08,36.09,0
89.9,95.84,2162.08,130.75,54.68,649.59,0.74,36.24,0
71.94,92.6,1506.57,72.24,34.5,459.35,0.99,36.12,0
82.54,92.67,1627.42,10.0,75.64,601.64,1.46,36.99,0
56.91,93.1,2216.99,52.66,20.62,411.11,1.31,36.53,1
62.88,99.82,1428.37,104.73,35.95,356.22,1.66,36.83,0
68.42,93.23,3178.11,89.88,48.9,173.59,0.78,36.57,0
89.98,99.71,2214.61,60.59,66.08,558.94,1.38,36.05,0
67.75,94.59,1824.49,100.88,73.65,493.97,1.86,36.14,0
77.02,92.93,2323.95,104.85,35.84,852.4,0.79,36.11,0
72.25,91.45,3160.05,103.0,42.24,252.1,1.68,36.67,0
72.87,92.08,2654.3,148.36,58.62,391.45,1.16,36.84,0
67.62,96.04,1749.2,47.99,47.72,447.1,1.58,36.52,0
67.21,91.66,2864.5,106.22,40.54,614.78,1.49,36.98,0
81.85,93.44,1936.17,16.11,46.15,451.94,1.27,36.78,0
50.0,99.76,1947.25,113.49,36.35,476.92,0.59,36.87,1
75.77,95.54,2537.94,32.27,51.69,818.78,0.82,36.9,0
65.4,96.9,1695.06,120.03,58.97,396.13,1.26,37.14,0
81.1,90.68,1797.24,165.99,56.93,554.46,1.38,37.2,0
69.05,92.69,1278.11,112.95,20.0,289.38,1.44,36.82,1
81.42,95.54,3123.64,130.29,20.0,441.96,1.08,36.17,1
84.4,95.3,2870.48,125.74,42.57,692.85,0.98,36.37,0
76.73,99.16,2056.14,181.25,62.87,447.32,1.64,37.89,0
67.71,92.15,2187.45,129.93,55.01,386.73,1.82,35.72,0
74.21,92.28,1911.2,67.57,30.85,531.56,0.91,36.75,0
65.79,97.62,2064.66,102.38,58.37,707.29,0.88,36.1,0
71.94,96.77,1803.1,60.22,52.41,325.24,1.56,36.15,0
93.2,95.33,2230.22,60.68,30.06,648.03,1.04,36.4,0
70.74,94.47,1860.76,160.34,41.42,670.99,1.06,36.41,0
83.43,91.48,1867.57,73.12,61.16,484.9,0.34,36.04,0
73.94,91.88,2867.29,78.07,49.02,552.02,1.23,35.86,0
74.01,95.89,1221.74,142.9,42.99,525.81,1.73,36.56,0
65.86,93.51,2257.44,136.59,29.32,759.46,1.12,36.15,1
73.27,97.47,422.73,10.0,41.51,507.38,0.61,36.3,0
72.12,97.97,1831.55,94.45,48.48,606.77,1.08,36.39,0
79.02,94.45,1853.86,145.66,45.93,551.61,1.12,36.76,0
67.07,96.57,1880.49,81.82,72.56,387.78,0.92,35.34,0
66.57,89.7,902.6,26.42,34.95,384.46,1.29,35.91,1
65.0,94.95,1879.3,71.45,72.97,454.47,1.55,36.53,0
58.29,95.75,2902.91,89.36,48.8,353.9,1.68,35.97,1
69.88,91.08,2689.97,151.4,61.97,281.13,1.81,36.05,0
51.92,98.66,2317.45,122.5,45.85,663.41,1.04,37.09,1
81.5,90.68,1705.51,45.73,74.84,444.72,1.46,35.46,0
77.75,94.98,2826.34,130.37,57.25,526.66,0.79,36.69,0
79.88,96.39,2008.9,33.6,24.96,514.74,1.54,36.71,1
73.96,92.9,1144.14,81.08,68.64,334.55,1.83,35.64,0
67.05,95.53,2249.9,63.15,48.21,491.72,1.0,37.16,0
63.61,98.22,1723.54,104.45,51.59,477.51,0.7,35.35,0
74.23,96.29,2316.64,98.96,40.13,615.99,0.81,36.96,0
66.81,94.62,993.1,141.81,41.58,515.91,1.71,35.99,0
83.69,98.52,1787.39,144.99,45.29,154.71,0.22,35.9,0
66.2,89.76,1864.37,140.96,51.7,498.45,1.26,36.5,1
93.35,94.55,2190.25,100.19,43.94,269.72,1.48,36.93,0
60.66,89.34,1994.36,71.11,36.97,545.5,1.19,35.89,1
101.63,94.21,2093.26,75.76,20.0,776.18,1.75,35.82,1
65.43,96.58,2328.78,101.07,67.01,628.08,1.73,36.43,0
52.95,92.48,1585.5,124.18,42.78,140.05,1.39,36.68,1
64.88,96.64,2337.15,117.69,50.45,780.07,1.37,36.77,0
55.94,99.88,2427.98,93.45,47.71,489.61,1.38,35.51,1
83.34,95.74,2061.18,97.73,42.41,627.7,1.06,35.7,0
66.25,95.95,1516.61,71.84,38.55,354.63,1.26,36.09,0
87.33,92.14,2048.63,38.04,55.04,218.47,1.37,35.85,0
103.13,96.67,1326.83,31.39,36.55,414.28,1.42,35.72,1
61.17,93.88,2122.34,104.73,70.64,104.27,0.87,37.0,0
73.41,93.49,2075.13,114.14,40.6,832.54,0.38,36.0,0
76.45,99.36,1993.31,97.77,42.08,515.5,1.92,36.54,0
79.52,94.74,1205.95,86.51,57.27,245.89,1.4,35.75,0
76.63,96.35,2600.18,131.93,52.04,460.82,1.73,36.77,0
71.08,98.81,1284.78,120.78,41.61,389.84,1.51,36.8,0
63.86,94.85,1165.27,70.35,63.01,366.97,1.05,37.01,0
74.75,90.92,2164.04,82.88,48.41,495.36,0.39,36.61,0
90.24,96.84,1625.06,27.08,59.6,544.31,1.04,36.51,0
76.0,94.93,2235.56,115.18,64.33,403.95,1.18,36.57,0
54.89,97.82,1676.51,129.02,38.13,655.59,1.42,36.17,1
83.73,97.69,1618.21,83.31,50.5,300.38,1.36,35.55,0
84.88,95.02,1856.01,10.0,63.08,345.33,1.59,36.84,0
76.08,90.51,1345.17,104.34,48.18,705.42,1.36,36.35,0
74.12,95.9,2134.67,107.03,62.31,631.67,0.98,36.34,0
72.0,91.14,1873.03,187.35,40.62,341.12,0.86,36.83,0
85.8,91.85,2440.25,67.68,67.73,436.63,1.57,36.18,0
73.95,94.77,1986.42,190.41,36.62,991.05,0.85,36.82,0
60.29,87.26,989.58,30.91,66.04,326.33,1.43,35.95,1
79.53,94.78,1782.55,67.18,63.55,100.0,2.05,37.45,0
68.52,100.0,1437.92,84.32,77.12,353.04,1.27,36.69,0
85.92,93.05,2263.46,112.17,46.68,649.97,0.68,36.13,0
80.85,97.16,2758.35,84.39,34.3,668.85,0.57,37.12,0
80.84,95.82,2223.6,83.73,66.96,518.14,1.03,36.7,0
80.8,91.94,1875.8,41.68,45.83,875.38,0.65,36.34,0
72.75,100.0,2103.42,81.39,58.25,398.75,1.14,36.58,0
68.33,94.51,2752.2,153.94,50.78,628.68,1.91,36.32,0
82.3,94.02,1785.82,68.66,27.51,812.04,0.89,37.23,1
79.53,98.67,1749.86,70.76,28.82,652.96,1.12,36.33,1
89.86,100.0,631.75,81.4,57.31,597.67,1.38,37.26,0
89.48,94.87,1441.38,122.89,57.75,598.33,1.24,36.85,0
69.23,95.47,2500.86,158.69,47.86,608.17,1.3,36.43,0
82.25,96.15,1940.3,143.48,42.07,472.75,1.22,36.32,0
79.64,94.61,1874.6,176.25,20.0,509.41,0.95,37.77,1
85.8,92.79,819.8,88.56,33.97,512.53,1.43,35.89,0
63.62,98.33,1956.94,51.16,37.91,299.87,1.38,36.74,0
70.88,94.4,3008.48,142.52,52.69,377.24,0.43,36.29,0
88.92,97.5,2982.1,43.95,51.14,367.46,1.64,36.49,0
69.97,97.92,1989.68,159.38,44.32,518.36,0.92,37.06,0
87.35,93.51,1240.27,98.82,49.71,524.14,0.32,37.04,0
78.81,99.52,1317.86,170.56,48.25,623.78,1.22,36.73,0
69.86,92.65,1909.25,87.99,72.45,469.07,1.73,36.39,0
90.93,95.35,1741.87,43.58,47.73,784.66,0.57,36.86,0
75.72,94.57,1520.01,94.5,36.38,517.28,1.22,36.79,0
80.19,91.93,2287.9,22.32,46.07,583.96,1.99,36.29,0
76.16,98.04,2286.29,165.54,46.68,520.14,0.67,36.23,0
63.32,94.88,1793.26,52.47,59.3,304.32,1.04,36.09,0
78.75,93.47,2210.79,186.88,33.38,847.49,2.25,36.58,0
92.51,94.39,2038.07,10.0,40.9,549.19,1.77,37.3,0
70.25,95.49,1272.26,101.2,62.36,623.97,1.57,36.87,0
77.11,95.46,1363.12,55.07,73.5,598.92,1.26,37.48,0
70.5,93.51,1705.51,70.86,37.37,746.81,1.73,36.35,0
68.59,94.02,1973.09,149.48,39.08,344.49,0.81,36.34,0
80.53,97.39,2376.86,15.41,39.03,393.84,1.9,37.85,0
67.23,92.67,2026.62,68.55,73.22,536.36,1.45,37.74,0
87.91,94.31,2913.0,108.27,81.79,543.28,1.27,35.81,0
79.18,93.14,1483.33,67.72,39.75,605.0,1.37,37.02,0
64.32,95.3,1785.75,174.24,53.56,619.46,1.18,37.43,0
84.06,90.29,2894.42,143.52,52.82,510.22,1.08,36.2,0
75.28,96.67,1376.49,129.71,50.92,707.26,1.2,36.47,0
88.37,93.71,2093.99,54.73,60.99,504.21,1.52,36.77,0
67.5,96.87,1957.33,152.2,51.67,839.41,1.23,36.12,0
85.49,93.6,1218.8,44.83,39.82,627.27,1.08,36.49,0
81.82,97.84,1764.12,136.2,66.15,100.0,1.03,37.34,0
79.08,95.54,1822.17,63.19,46.4,211.57,1.22,37.07,0
74.78,96.48,2246.21,117.73,57.12,620.84,0.86,36.67,0
78.47,93.72,1620.63,90.61,54.52,447.75,0.88,36.49,0
89.31,94.39,1973.8,110.63,57.7,352.85,1.73,36.09,0
82.26,95.8,2536.26,200.0,34.33,349.45,1.12,36.15,0
85.44,98.18,1677.33,86.28,42.01,175.74,1.21,36.25,0
79.56,96.49,1725.78,73.41,21.49,601.06,1.27,36.25,1
90.82,96.32,2276.98,85.86,53.82,275.28,1.38,35.84,0
73.04,90.55,2226.48,97.74,38.82,604.59,1.26,37.01,0
72.61,99.64,3794.42,97.74,50.37,171.84,0.72,37.38,0
68.79,98.5,2209.19,57.53,69.31,682.15,1.98,36.9,0
80.96,96.78,1954.69,45.25,76.98,461.31,1.68,36.07,0
77.87,100.0,1956.38,58.76,32.51,552.58,0.77,35.67,0
76.88,94.65,1746.73,112.48,43.99,381.45,1.76,35.88,0
55.6,95.89,1502.16,97.91,20.0,517.74,1.51,36.44,1
80.06,98.14,2529.17,167.23,54.25,781.54,1.4,36.62,0
84.13,98.45,2076.49,141.57,83.89,682.06,1.27,36.12,0
76.59,94.36,2589.22,92.53,37.69,689.61,1.86,36.5,0
93.96,94.66,1701.24,95.22,54.03,570.72,0.85,36.74,0
72.64,95.46,2434.28,76.69,40.97,447.34,1.73,36.08,0
90.07,90.8,1800.08,121.42,61.75,230.31,1.76,36.45,0
66.34,96.26,1543.49,98.29,66.33,198.64,1.33,35.79,0
64.68,93.02,2532.5,34.35,43.75,703.64,1.43,36.32,0
73.33,100.0,1496.44,114.63,97.47,326.05,1.47,36.85,0
82.72,95.15,1396.6,95.95,32.83,373.17,1.2,35.84,0
75.35,92.42,1324.13,77.24,61.63,531.99,0.67,36.16,0
75.12,100.0,1974.16,99.43,38.25,723.11,0.85,35.89,0
73.73,100.0,1410.11,138.07,28.56,216.24,0.82,36.78,1
73.91,100.0,2159.8,90.44,38.48,630.14,0.4,36.76,0
89.27,93.24,2340.86,138.81,41.03,538.14,1.41,37.03,0
78.24,94.7,2030.88,81.01,40.37,524.37,1.45,36.28,0
58.29,91.33,1507.42,98.73,83.1,442.84,2.33,36.2,1
67.59,97.05,2565.97,200.0,54.3,435.34,1.12,36.1,0
70.02,93.34,1569.75,33.45,51.43,423.95,0.77,36.85,0
65.09,94.38,1404.1,136.03,20.0,339.75,1.34,35.88,1
78.78,89.92,2463.27,71.95,67.01,535.83,1.75,36.13,1
71.8,95.53,1811.92,84.06,53.33,436.15,1.75,35.55,0
78.3,94.37,2598.24,133.28,61.02,564.33,0.68,37.94,0
62.89,97.17,2264.07,172.54,38.79,505.28,1.01,35.64,0
81.71,100.0,2100.45,55.41,38.6,232.01,0.96,37.07,0
72.07,92.24,2207.94,96.65,56.63,560.5,0.55,36.28,0
85.57,89.65,2440.43,110.65,50.81,394.55,1.45,35.75,1
77.17,92.61,2577.01,88.79,43.37,294.01,1.39,35.98,0
74.99,99.6,2744.66,50.86,48.48,399.31,0.81,36.96,0
68.85,95.3,1928.6,86.99,42.46,370.63,1.36,35.71,0
80.51,97.54,2444.47,121.94,43.54,520.81,1.62,36.17,0
78.72,92.25,1521.52,20.59,67.42,471.88,0.61,35.96,0
67.93,99.37,2059.2,138.68,48.21,579.67,1.16,35.81,0
67.87,93.12,1460.65,122.94,65.15,211.95,1.15,36.65,0
77.4,99.94,1405.54,109.63,55.66,171.85,1.24,36.08,0
71.42,91.32,2431.47,111.25,59.15,608.58,1.6,36.42,0
80.04,95.19,2863.71,10.0,56.19,748.6,1.13,36.04,0
70.7,100.0,2217.91,162.65,59.22,568.27,1.35,35.84,0
96.47,99.16,2336.44,43.89,106.28,260.27,1.86,36.71,1
83.1,94.45,1229.28,89.29,58.61,533.98,1.24,36.27,0
73.83,92.42,1529.94,62.96,35.23,673.16,2.28,36.51,0
87.91,95.56,1641.03,82.38,49.22,144.45,0.88,36.08,0
97.03,96.6,1014.54,30.21,49.1,321.85,1.26,35.89,0
76.28,99.5,1250.99,200.0,48.74,287.17,1.18,36.12,0
74.13,91.15,1843.11,147.63,55.89,576.57,0.55,36.78,0
69.19,97.18,1800.39,68.0,37.99,285.1,0.87,36.93,0
80.07,99.04,2425.86,20.84,43.04,450.63,2.04,37.46,0
70.88,96.39,1826.34,93.28,47.43,369.03,1.48,36.87,0
72.27,97.33,2027.28,91.57,61.83,541.52,0.83,37.0,0
